,Open,High,Close
2540,4015.5400390625,4053.760009765625,3995.320068359375
2541,3958.3701171875,3958.3701171875,3895.75
2542,3890.909912109375,3890.909912109375,3852.360107421875
2543,3853.7900390625,3854.860107421875,3817.659912109375
2544,3810.469970703125,3838.239990234375,3821.6201171875
2545,3839.489990234375,3889.820068359375,3878.43994140625
2546,3853.260009765625,3853.260009765625,3822.389892578125
7,2333.439453125,2280.678466796875,2345.566162109375
8,2269.427001953125,2191.911376953125,2227.7529296875
9,2160.29296875,2098.998291015625,2108.875732421875
10,2046.9119873046875,1998.5123291015625,1994.031005859375
11,1930.8614501953125,1892.78564453125,1881.8043212890625
12,1813.0660400390625,1783.3399658203125,1771.05322265625
13,1692.097412109375,1669.26806640625,1659.43212890625
14,1571.8885498046875,1554.9404296875,1549.689453125
15,1517.3858642578125,1505.1761474609375,1496.567626953125
16,1466.071044921875,1457.8250732421875,1448.080810546875
17,1419.70166015625,1414.36474609375,1404.7789306640625
18,1378.630615234375,1375.5252685546875,1366.6678466796875
19,1343.0330810546875,1341.715087890625,1333.732666015625
20,1312.965576171875,1313.1326904296875,1305.927978515625
21,1288.4827880859375,1289.9200439453125,1283.243896484375
22,1269.4251708984375,1271.9659423828125,1265.5069580078125
23,1252.9244384765625,1256.3309326171875,1250.229736328125
24,1238.8392333984375,1242.9407958984375,1237.21875
25,1226.9410400390625,1231.614990234375,1226.2374267578125
26,1216.9759521484375,1222.12841796875,1217.041259765625
27,1208.6802978515625,1214.2352294921875,1209.3839111328125
28,1201.7901611328125,1207.68310546875,1203.0223388671875
29,1196.0443115234375,1202.21875,1197.7183837890625
30,1191.19482421875,1197.600830078125,1193.246337890625
31,1187.12158203125,1193.7200927734375,1189.491455078125
32,1183.71044921875,1190.469970703125,1186.34716796875
33,1180.85791015625,1187.7525634765625,1183.7177734375
34,1178.47314453125,1185.4808349609375,1181.51953125
35,1176.4776611328125,1183.5797119140625,1179.68017578125
36,1174.8055419921875,1181.9864501953125,1178.1392822265625
