epoch,loss,lr
0,0.2974434792995453,0.001
1,0.26660865545272827,0.001
