epoch,loss,lr
0,0.36914512515068054,0.001
1,0.3454324007034302,0.001
